,IPEDS_Hispanic,Program_Desc_Final
1,Non-Hispanic,Business Administration - MBA
5,Non-Hispanic,Business Administration - MBA
6,Non-Hispanic,Business Administration - MBA
12,Non-Hispanic,Business Administration - MBA
13,Non-Hispanic,Business Administration - MBA
15,Non-Hispanic,Business Administration - MBA
18,Non-Hispanic,Business Administration - MBA
20,Non-Hispanic,Business Administration - MBA
23,Non-Hispanic,Business Administration - MBA
25,Non-Hispanic,Business Administration - MBA
26,Non-Hispanic,Business Administration - MBA
30,Non-Hispanic,Business Administration - MBA
32,Non-Hispanic,Business Administration - MBA
33,Non-Hispanic,Business Administration - MBA
36,Non-Hispanic,Business Administration - MBA
39,Non-Hispanic,Business Administration - MBA
40,Non-Hispanic,Business Administration - MBA
41,Non-Hispanic,Business Administration - MBA
42,Hispanic,Business Administration - MBA
43,Non-Hispanic,Business Administration - MBA
46,Non-Hispanic,Business Administration - MBA
47,Non-Hispanic,Business Administration - MBA
48,Hispanic,Business Administration - MBA
53,Non-Hispanic,Business Administration - MBA
54,Non-Hispanic,Business Administration - MBA
59,Non-Hispanic,Business Administration - MBA
60,Non-Hispanic,Business Administration - MBA
63,Non-Hispanic,Business Administration - MBA
70,Non-Hispanic,Business Administration - MBA
71,Non-Hispanic,Business Administration - MBA
73,Non-Hispanic,Business Administration - MBA
76,Non-Hispanic,Business Administration - MBA
77,Non-Hispanic,Business Administration - MBA
78,Non-Hispanic,Business Administration - MBA
82,Non-Hispanic,Business Administration - MBA
89,Non-Hispanic,Business Administration - MBA
90,Non-Hispanic,Business Administration - MBA
91,Non-Hispanic,Business Administration - MBA
92,Non-Hispanic,Business Administration - MBA
93,Non-Hispanic,Business Administration - MBA
94,Non-Hispanic,Business Administration - MBA
96,Non-Hispanic,Business Administration - MBA
97,Non-Hispanic,Business Administration - MBA
98,Non-Hispanic,Business Administration - MBA
99,Non-Hispanic,Business Administration - MBA
102,Non-Hispanic,Business Administration - MBA
105,Non-Hispanic,Business Administration - MBA
107,Non-Hispanic,Business Administration - MBA
109,Non-Hispanic,Business Administration - MBA
110,Non-Hispanic,Business Administration - MBA
111,Non-Hispanic,Business Administration - MBA
112,Non-Hispanic,Business Administration - MBA
115,Non-Hispanic,Business Administration - MBA
117,Non-Hispanic,Business Administration - MBA
122,Non-Hispanic,Business Administration - MBA
126,Non-Hispanic,Business Administration - MBA
127,Non-Hispanic,Business Administration - MBA
129,Non-Hispanic,Business Administration - MBA
130,Hispanic,Business Administration - MBA
140,Non-Hispanic,Business Administration - MBA
141,Non-Hispanic,Business Administration - MBA
142,Non-Hispanic,Business Administration - MBA
144,Hispanic,Business Administration - MBA
146,Non-Hispanic,Business Administration - MBA
147,Non-Hispanic,Business Administration - MBA
149,Non-Hispanic,Business Administration - MBA
155,Non-Hispanic,Business Administration - MBA
158,Hispanic,Business Administration - MBA
162,Non-Hispanic,Business Administration - MBA
165,Hispanic,Business Administration - MBA
166,Non-Hispanic,Business Administration - MBA
168,Non-Hispanic,Business Administration - MBA
169,Non-Hispanic,Business Administration - MBA
170,Non-Hispanic,Business Administration - MBA
171,Non-Hispanic,Business Administration - MBA
174,Non-Hispanic,Business Administration - MBA
175,Non-Hispanic,Business Administration - MBA
176,Non-Hispanic,Business Administration - MBA
178,Non-Hispanic,Business Administration - MBA
180,Non-Hispanic,Business Administration - MBA
189,Hispanic,Business Administration - MBA
190,Non-Hispanic,Business Administration - MBA
191,Non-Hispanic,Business Administration - MBA
192,Non-Hispanic,Business Administration - MBA
195,Non-Hispanic,Business Administration - MBA
196,Non-Hispanic,Business Administration - MBA
197,Non-Hispanic,Business Administration - MBA
201,Non-Hispanic,Business Administration - MBA
202,Non-Hispanic,Business Administration - MBA
210,Non-Hispanic,Business Administration - MBA
218,Non-Hispanic,Business Administration - MBA
220,Non-Hispanic,Business Administration - MBA
221,Non-Hispanic,Business Administration - MBA
230,Non-Hispanic,Business Administration - MBA
234,Non-Hispanic,Business Administration - MBA
235,Non-Hispanic,Business Administration - MBA
236,Non-Hispanic,Business Administration - MBA
237,Non-Hispanic,Business Administration - MBA
239,Non-Hispanic,Business Administration - MBA
241,Non-Hispanic,Business Administration - MBA
243,Non-Hispanic,Business Administration - MBA
245,Hispanic,Business Administration - MBA
250,Non-Hispanic,Business Administration - MBA
254,Non-Hispanic,Business Administration - MBA
255,Non-Hispanic,Business Administration - MBA
257,Non-Hispanic,Business Administration - MBA
264,Non-Hispanic,Business Administration - MBA
265,Non-Hispanic,Business Administration - MBA
266,Non-Hispanic,Business Administration - MBA
267,Non-Hispanic,Business Administration - MBA
268,Non-Hispanic,Business Administration - MBA
275,Non-Hispanic,Business Administration - MBA
276,Non-Hispanic,Business Administration - MBA
277,Non-Hispanic,Business Administration - MBA
278,Non-Hispanic,Business Administration - MBA
285,Non-Hispanic,Business Administration - MBA
290,Non-Hispanic,Business Administration - MBA
291,Non-Hispanic,Business Administration - MBA
295,Non-Hispanic,Business Administration - MBA
297,Non-Hispanic,Business Administration - MBA
301,Non-Hispanic,Business Administration - MBA
303,Non-Hispanic,Business Administration - MBA
305,Hispanic,Business Administration - MBA
307,Non-Hispanic,Business Administration - MBA
308,Non-Hispanic,Business Administration - MBA
309,Non-Hispanic,Business Administration - MBA
310,Non-Hispanic,Business Administration - MBA
311,Non-Hispanic,Business Administration - MBA
313,Non-Hispanic,Business Administration - MBA
314,Non-Hispanic,Business Administration - MBA
317,Hispanic,Business Administration - MBA
320,Non-Hispanic,Business Administration - MBA
321,Non-Hispanic,Business Administration - MBA
324,Non-Hispanic,Business Administration - MBA
325,Non-Hispanic,Business Administration - MBA
326,Non-Hispanic,Business Administration - MBA
328,Non-Hispanic,Business Administration - MBA
330,Non-Hispanic,Business Administration - MBA
332,Hispanic,Business Administration - MBA
333,Non-Hispanic,Business Administration - MBA
335,Non-Hispanic,Business Administration - MBA
336,Non-Hispanic,Business Administration - MBA
343,Non-Hispanic,Business Administration - MBA
344,Non-Hispanic,Business Administration - MBA
346,Non-Hispanic,Business Administration - MBA
355,Non-Hispanic,Business Administration - MBA
358,Non-Hispanic,Business Administration - MBA
360,Non-Hispanic,Business Administration - MBA
361,Non-Hispanic,Business Administration - MBA
363,Non-Hispanic,Business Administration - MBA
364,Non-Hispanic,Business Administration - MBA
368,Non-Hispanic,Business Administration - MBA
371,Non-Hispanic,Business Administration - MBA
373,Non-Hispanic,Business Administration - MBA
375,Non-Hispanic,Business Administration - MBA
379,Non-Hispanic,Business Administration - MBA
380,Non-Hispanic,Business Administration - MBA
381,Non-Hispanic,Business Administration - MBA
382,Non-Hispanic,Business Administration - MBA
383,Non-Hispanic,Business Administration - MBA
387,Non-Hispanic,Business Administration - MBA
389,Non-Hispanic,Business Administration - MBA
390,Non-Hispanic,Business Administration - MBA
391,Non-Hispanic,Business Administration - MBA
394,Hispanic,Business Administration - MBA
396,Hispanic,Business Administration - MBA
401,Non-Hispanic,Business Administration - MBA
403,Non-Hispanic,Business Administration - MBA
406,Non-Hispanic,Business Administration - MBA
409,Non-Hispanic,Business Administration - MBA
415,Non-Hispanic,Business Administration - MBA
418,Non-Hispanic,Business Administration - MBA
419,Non-Hispanic,Business Administration - MBA
421,Non-Hispanic,Business Administration - MBA
425,Non-Hispanic,Business Administration - MBA
428,Non-Hispanic,Business Administration - MBA
435,Non-Hispanic,Business Administration - MBA
437,Non-Hispanic,Business Administration - MBA
440,Non-Hispanic,Business Administration - MBA
445,Non-Hispanic,Business Administration - MBA
446,Non-Hispanic,Business Administration - MBA
448,Non-Hispanic,Business Administration - MBA
449,Non-Hispanic,Business Administration - MBA
453,Non-Hispanic,Business Administration - MBA
454,Non-Hispanic,Business Administration - MBA
455,Non-Hispanic,Business Administration - MBA
460,Non-Hispanic,Business Administration - MBA
463,Non-Hispanic,Business Administration - MBA
464,Non-Hispanic,Business Administration - MBA
466,Non-Hispanic,Business Administration - MBA
467,Non-Hispanic,Business Administration - MBA
473,Hispanic,Business Administration - MBA
474,Non-Hispanic,Business Administration - MBA
475,Non-Hispanic,Business Administration - MBA
478,Non-Hispanic,Business Administration - MBA
479,Non-Hispanic,Business Administration - MBA
481,Non-Hispanic,Business Administration - MBA
484,Non-Hispanic,Business Administration - MBA
485,Hispanic,Business Administration - MBA
486,Non-Hispanic,Business Administration - MBA
489,Non-Hispanic,Business Administration - MBA
493,Non-Hispanic,Business Administration - MBA
494,Non-Hispanic,Business Administration - MBA
495,Non-Hispanic,Business Administration - MBA
501,Non-Hispanic,Business Administration - MBA
506,Non-Hispanic,Business Administration - MBA
508,Non-Hispanic,Business Administration - MBA
510,Non-Hispanic,Business Administration - MBA
512,Non-Hispanic,Business Administration - MBA
513,Non-Hispanic,Business Administration - MBA
516,Non-Hispanic,Business Administration - MBA
517,Non-Hispanic,Business Administration - MBA
519,Non-Hispanic,Business Administration - MBA
520,Non-Hispanic,Business Administration - MBA
522,Non-Hispanic,Business Administration - MBA
523,Non-Hispanic,Business Administration - MBA
525,Non-Hispanic,Business Administration - MBA
526,Non-Hispanic,Business Administration - MBA
527,Non-Hispanic,Business Administration - MBA
528,Non-Hispanic,Business Administration - MBA
534,Non-Hispanic,Business Administration - MBA
536,Non-Hispanic,Business Administration - MBA
538,Non-Hispanic,Business Administration - MBA
539,Non-Hispanic,Business Administration - MBA
540,Non-Hispanic,Business Administration - MBA
541,Non-Hispanic,Business Administration - MBA
545,Non-Hispanic,Business Administration - MBA
546,Non-Hispanic,Business Administration - MBA
552,Non-Hispanic,Business Administration - MBA
553,Non-Hispanic,Business Administration - MBA
555,Non-Hispanic,Business Administration - MBA
557,Non-Hispanic,Business Administration - MBA
559,Non-Hispanic,Business Administration - MBA
560,Non-Hispanic,Business Administration - MBA
561,Non-Hispanic,Business Administration - MBA
565,Hispanic,Business Administration - MBA
566,Non-Hispanic,Business Administration - MBA
567,Non-Hispanic,Business Administration - MBA
569,Non-Hispanic,Business Administration - MBA
574,Non-Hispanic,Business Administration - MBA
575,Non-Hispanic,Business Administration - MBA
583,Hispanic,Business Administration - MBA
584,Non-Hispanic,Business Administration - MBA
585,Non-Hispanic,Business Administration - MBA
589,Non-Hispanic,Business Administration - MBA
592,Non-Hispanic,Business Administration - MBA
595,Non-Hispanic,Business Administration - MBA
596,Non-Hispanic,Business Administration - MBA
597,Non-Hispanic,Business Administration - MBA
598,Non-Hispanic,Business Administration - MBA
601,Non-Hispanic,Business Administration - MBA
603,Non-Hispanic,Business Administration - MBA
604,Non-Hispanic,Business Administration - MBA
605,Non-Hispanic,Business Administration - MBA
606,Non-Hispanic,Business Administration - MBA
611,Non-Hispanic,Business Administration - MBA
612,Non-Hispanic,Business Administration - MBA
617,Non-Hispanic,Business Administration - MBA
618,Non-Hispanic,Business Administration - MBA
620,Non-Hispanic,Business Administration - MBA
621,Non-Hispanic,Business Administration - MBA
622,Non-Hispanic,Business Administration - MBA
627,Non-Hispanic,Business Administration - MBA
628,Non-Hispanic,Business Administration - MBA
629,Non-Hispanic,Business Administration - MBA
637,Hispanic,Business Administration - MBA
638,Non-Hispanic,Business Administration - MBA
639,Non-Hispanic,Business Administration - MBA
642,Hispanic,Business Administration - MBA
645,Non-Hispanic,Business Administration - MBA
647,Non-Hispanic,Business Administration - MBA
648,Non-Hispanic,Business Administration - MBA
651,Non-Hispanic,Business Administration - MBA
653,Non-Hispanic,Business Administration - MBA
655,Non-Hispanic,Business Administration - MBA
658,Non-Hispanic,Business Administration - MBA
660,Non-Hispanic,Business Administration - MBA
666,Non-Hispanic,Business Administration - MBA
667,Non-Hispanic,Business Administration - MBA
670,Non-Hispanic,Business Administration - MBA
672,Non-Hispanic,Business Administration - MBA
673,Non-Hispanic,Business Administration - MBA
674,Non-Hispanic,Business Administration - MBA
675,Non-Hispanic,Business Administration - MBA
678,Non-Hispanic,Business Administration - MBA
679,Non-Hispanic,Business Administration - MBA
681,Non-Hispanic,Business Administration - MBA
686,Non-Hispanic,Business Administration - MBA
687,Non-Hispanic,Business Administration - MBA
692,Non-Hispanic,Business Administration - MBA
694,Non-Hispanic,Business Administration - MBA
697,Hispanic,Business Administration - MBA
699,Non-Hispanic,Business Administration - MBA
700,Non-Hispanic,Business Administration - MBA
702,Non-Hispanic,Business Administration - MBA
706,Non-Hispanic,Business Administration - MBA
709,Non-Hispanic,Business Administration - MBA
710,Non-Hispanic,Business Administration - MBA
712,Non-Hispanic,Business Administration - MBA
713,Non-Hispanic,Business Administration - MBA
714,Non-Hispanic,Business Administration - MBA
716,Non-Hispanic,Business Administration - MBA
717,Non-Hispanic,Business Administration - MBA
720,Non-Hispanic,Business Administration - MBA
728,Hispanic,Business Administration - MBA
732,Non-Hispanic,Business Administration - MBA
733,Non-Hispanic,Business Administration - MBA
736,Non-Hispanic,Business Administration - MBA
737,Non-Hispanic,Business Administration - MBA
739,Non-Hispanic,Business Administration - MBA
740,Non-Hispanic,Business Administration - MBA
744,Non-Hispanic,Business Administration - MBA
746,Non-Hispanic,Business Administration - MBA
747,Non-Hispanic,Business Administration - MBA
750,Non-Hispanic,Business Administration - MBA
752,Non-Hispanic,Business Administration - MBA
754,Non-Hispanic,Business Administration - MBA
758,Non-Hispanic,Business Administration - MBA
763,Non-Hispanic,Business Administration - MBA
764,Non-Hispanic,Business Administration - MBA
766,Hispanic,Business Administration - MBA
768,Non-Hispanic,Business Administration - MBA
769,Hispanic,Business Administration - MBA
775,Non-Hispanic,Business Administration - MBA
777,Non-Hispanic,Business Administration - MBA
778,Non-Hispanic,Business Administration - MBA
779,Hispanic,Business Administration - MBA
780,Non-Hispanic,Business Administration - MBA
781,Hispanic,Business Administration - MBA
784,Non-Hispanic,Business Administration - MBA
787,Non-Hispanic,Business Administration - MBA
788,Non-Hispanic,Business Administration - MBA
791,Non-Hispanic,Business Administration - MBA
794,Non-Hispanic,Business Administration - MBA
795,Non-Hispanic,Business Administration - MBA
798,Hispanic,Business Administration - MBA
804,Non-Hispanic,Business Administration - MBA
805,Non-Hispanic,Business Administration - MBA
806,Non-Hispanic,Business Administration - MBA
809,Non-Hispanic,Business Administration - MBA
810,Hispanic,Business Administration - MBA
813,Non-Hispanic,Business Administration - MBA
815,Non-Hispanic,Business Administration - MBA
817,Non-Hispanic,Business Administration - MBA
821,Non-Hispanic,Business Administration - MBA
823,Non-Hispanic,Business Administration - MBA
825,Non-Hispanic,Business Administration - MBA
826,Non-Hispanic,Business Administration - MBA
830,Non-Hispanic,Business Administration - MBA
831,Non-Hispanic,Business Administration - MBA
833,Non-Hispanic,Business Administration - MBA
836,Non-Hispanic,Business Administration - MBA
838,Non-Hispanic,Business Administration - MBA
839,Non-Hispanic,Business Administration - MBA
846,Non-Hispanic,Business Administration - MBA
847,Non-Hispanic,Business Administration - MBA
848,Non-Hispanic,Business Administration - MBA
850,Non-Hispanic,Business Administration - MBA
852,Non-Hispanic,Business Administration - MBA
861,Non-Hispanic,Business Administration - MBA
862,Non-Hispanic,Business Administration - MBA
864,Non-Hispanic,Business Administration - MBA
866,Non-Hispanic,Business Administration - MBA
868,Non-Hispanic,Business Administration - MBA
869,Non-Hispanic,Business Administration - MBA
871,Non-Hispanic,Business Administration - MBA
874,Non-Hispanic,Business Administration - MBA
879,Hispanic,Business Administration - MBA
883,Non-Hispanic,Business Administration - MBA
885,Non-Hispanic,Business Administration - MBA
886,Non-Hispanic,Business Administration - MBA
889,Non-Hispanic,Business Administration - MBA
890,Non-Hispanic,Business Administration - MBA
891,Non-Hispanic,Business Administration - MBA
892,Hispanic,Business Administration - MBA
895,Non-Hispanic,Business Administration - MBA
896,Non-Hispanic,Business Administration - MBA
897,Non-Hispanic,Business Administration - MBA
899,Non-Hispanic,Business Administration - MBA
900,Non-Hispanic,Business Administration - MBA
902,Non-Hispanic,Business Administration - MBA
907,Non-Hispanic,Business Administration - MBA
908,Non-Hispanic,Business Administration - MBA
910,Non-Hispanic,Business Administration - MBA
911,Non-Hispanic,Business Administration - MBA
912,Non-Hispanic,Business Administration - MBA
913,Non-Hispanic,Business Administration - MBA
914,Non-Hispanic,Business Administration - MBA
917,Non-Hispanic,Business Administration - MBA
920,Hispanic,Business Administration - MBA
922,Non-Hispanic,Business Administration - MBA
925,Non-Hispanic,Business Administration - MBA
926,Non-Hispanic,Business Administration - MBA
929,Non-Hispanic,Business Administration - MBA
931,Non-Hispanic,Business Administration - MBA
932,Non-Hispanic,Business Administration - MBA
934,Non-Hispanic,Business Administration - MBA
935,Non-Hispanic,Business Administration - MBA
937,Non-Hispanic,Business Administration - MBA
938,Non-Hispanic,Business Administration - MBA
939,Non-Hispanic,Business Administration - MBA
941,Non-Hispanic,Business Administration - MBA
942,Non-Hispanic,Business Administration - MBA
944,Non-Hispanic,Business Administration - MBA
945,Non-Hispanic,Business Administration - MBA
946,Hispanic,Business Administration - MBA
948,Non-Hispanic,Business Administration - MBA
950,Non-Hispanic,Business Administration - MBA
951,Non-Hispanic,Business Administration - MBA
952,Non-Hispanic,Business Administration - MBA
954,Non-Hispanic,Business Administration - MBA
955,Non-Hispanic,Business Administration - MBA
957,Hispanic,Business Administration - MBA
958,Non-Hispanic,Business Administration - MBA
962,Non-Hispanic,Business Administration - MBA
965,Non-Hispanic,Business Administration - MBA
967,Non-Hispanic,Business Administration - MBA
969,Non-Hispanic,Business Administration - MBA
972,Non-Hispanic,Business Administration - MBA
973,Non-Hispanic,Business Administration - MBA
974,Non-Hispanic,Business Administration - MBA
977,Non-Hispanic,Business Administration - MBA
978,Non-Hispanic,Business Administration - MBA
979,Non-Hispanic,Business Administration - MBA
988,Hispanic,Business Administration - MBA
991,Non-Hispanic,Business Administration - MBA
992,Non-Hispanic,Business Administration - MBA
994,Non-Hispanic,Business Administration - MBA
996,Non-Hispanic,Business Administration - MBA
999,Non-Hispanic,Business Administration - MBA
1000,Non-Hispanic,Business Administration - MBA
1002,Non-Hispanic,Business Administration - MBA
1004,Non-Hispanic,Business Administration - MBA
1007,Non-Hispanic,Business Administration - MBA
1008,Non-Hispanic,Business Administration - MBA
1011,Non-Hispanic,Business Administration - MBA
1015,Non-Hispanic,Business Administration - MBA
1018,Non-Hispanic,Business Administration - MBA
1019,Non-Hispanic,Business Administration - MBA
1021,Non-Hispanic,Business Administration - MBA
1022,Non-Hispanic,Business Administration - MBA
1023,Non-Hispanic,Business Administration - MBA
1024,Non-Hispanic,Business Administration - MBA
1025,Non-Hispanic,Business Administration - MBA
1028,Non-Hispanic,Business Administration - MBA
1029,Non-Hispanic,Business Administration - MBA
1030,Non-Hispanic,Business Administration - MBA
1031,Non-Hispanic,Business Administration - MBA
1035,Non-Hispanic,Business Administration - MBA
1037,Non-Hispanic,Business Administration - MBA
1038,Non-Hispanic,Business Administration - MBA
1043,Non-Hispanic,Business Administration - MBA
1044,Non-Hispanic,Business Administration - MBA
1046,Non-Hispanic,Business Administration - MBA
1047,Non-Hispanic,Business Administration - MBA
1049,Non-Hispanic,Business Administration - MBA
1053,Non-Hispanic,Business Administration - MBA
1054,Non-Hispanic,Business Administration - MBA
1055,Hispanic,Business Administration - MBA
1057,Non-Hispanic,Business Administration - MBA
1058,Non-Hispanic,Business Administration - MBA
1060,Non-Hispanic,Business Administration - MBA
1063,Hispanic,Business Administration - MBA
1066,Non-Hispanic,Business Administration - MBA
1068,Non-Hispanic,Business Administration - MBA
1069,Non-Hispanic,Business Administration - MBA
1071,Non-Hispanic,Business Administration - MBA
1072,Non-Hispanic,Business Administration - MBA
1074,Non-Hispanic,Business Administration - MBA
1076,Non-Hispanic,Business Administration - MBA
1078,Non-Hispanic,Business Administration - MBA
1079,Non-Hispanic,Business Administration - MBA
1081,Non-Hispanic,Business Administration - MBA
1083,Non-Hispanic,Business Administration - MBA
1084,Non-Hispanic,Business Administration - MBA
1086,Hispanic,Business Administration - MBA
1087,Hispanic,Business Administration - MBA
1088,Non-Hispanic,Business Administration - MBA
1089,Non-Hispanic,Business Administration - MBA
1090,Non-Hispanic,Business Administration - MBA
1092,Non-Hispanic,Business Administration - MBA
1093,Non-Hispanic,Business Administration - MBA
1094,Hispanic,Business Administration - MBA
1096,Non-Hispanic,Business Administration - MBA
1097,Non-Hispanic,Business Administration - MBA
1101,Non-Hispanic,Business Administration - MBA
1103,Non-Hispanic,Business Administration - MBA
1104,Non-Hispanic,Business Administration - MBA
1108,Non-Hispanic,Business Administration - MBA
1114,Non-Hispanic,Business Administration - MBA
1115,Non-Hispanic,Business Administration - MBA
1119,Non-Hispanic,Business Administration - MBA
1122,Non-Hispanic,Business Administration - MBA
1126,Non-Hispanic,Business Administration - MBA
1127,Non-Hispanic,Business Administration - MBA
1128,Non-Hispanic,Business Administration - MBA
1129,Non-Hispanic,Business Administration - MBA
1130,Hispanic,Business Administration - MBA
1135,Non-Hispanic,Business Administration - MBA
1136,Non-Hispanic,Business Administration - MBA
1138,Non-Hispanic,Business Administration - MBA
1139,Non-Hispanic,Business Administration - MBA
1140,Non-Hispanic,Business Administration - MBA
1146,Non-Hispanic,Business Administration - MBA
1148,Non-Hispanic,Business Administration - MBA
1149,Non-Hispanic,Business Administration - MBA
1151,Non-Hispanic,Business Administration - MBA
1153,Non-Hispanic,Business Administration - MBA
1159,Non-Hispanic,Business Administration - MBA
1160,Non-Hispanic,Business Administration - MBA
1162,Non-Hispanic,Business Administration - MBA
1166,Non-Hispanic,Business Administration - MBA
1170,Non-Hispanic,Business Administration - MBA
1171,Hispanic,Business Administration - MBA
1173,Non-Hispanic,Business Administration - MBA
1174,Non-Hispanic,Business Administration - MBA
1176,Non-Hispanic,Business Administration - MBA
1177,Non-Hispanic,Business Administration - MBA
1181,Non-Hispanic,Business Administration - MBA
1184,Non-Hispanic,Business Administration - MBA
1185,Non-Hispanic,Business Administration - MBA
1187,Non-Hispanic,Business Administration - MBA
1188,Non-Hispanic,Business Administration - MBA
1189,Non-Hispanic,Business Administration - MBA
1192,Non-Hispanic,Business Administration - MBA
1195,Non-Hispanic,Business Administration - MBA
1196,Non-Hispanic,Business Administration - MBA
1198,Non-Hispanic,Business Administration - MBA
1202,Non-Hispanic,Business Administration - MBA
1208,Non-Hispanic,Business Administration - MBA
1209,Non-Hispanic,Business Administration - MBA
1210,Non-Hispanic,Business Administration - MBA
1211,Non-Hispanic,Business Administration - MBA
1213,Non-Hispanic,Business Administration - MBA
1214,Hispanic,Business Administration - MBA
1216,Non-Hispanic,Business Administration - MBA
1218,Non-Hispanic,Business Administration - MBA
1219,Non-Hispanic,Business Administration - MBA
1220,Non-Hispanic,Business Administration - MBA
1224,Non-Hispanic,Business Administration - MBA
1225,Non-Hispanic,Business Administration - MBA
1227,Non-Hispanic,Business Administration - MBA
1228,Non-Hispanic,Business Administration - MBA
1230,Non-Hispanic,Business Administration - MBA
1233,Non-Hispanic,Business Administration - MBA
1240,Non-Hispanic,Business Administration - MBA
1244,Hispanic,Business Administration - MBA
1245,Non-Hispanic,Business Administration - MBA
1246,Non-Hispanic,Business Administration - MBA
1251,Non-Hispanic,Business Administration - MBA
1255,Non-Hispanic,Business Administration - MBA
1256,Non-Hispanic,Business Administration - MBA
1258,Non-Hispanic,Business Administration - MBA
1263,Non-Hispanic,Business Administration - MBA
1266,Non-Hispanic,Business Administration - MBA
1269,Non-Hispanic,Business Administration - MBA
1272,Non-Hispanic,Business Administration - MBA
1273,Non-Hispanic,Business Administration - MBA
1274,Non-Hispanic,Business Administration - MBA
1275,Hispanic,Business Administration - MBA
1276,Non-Hispanic,Business Administration - MBA
1281,Non-Hispanic,Business Administration - MBA
1286,Non-Hispanic,Business Administration - MBA
1287,Non-Hispanic,Business Administration - MBA
1288,Non-Hispanic,Business Administration - MBA
1289,Non-Hispanic,Business Administration - MBA
1293,Non-Hispanic,Business Administration - MBA
1294,Non-Hispanic,Business Administration - MBA
1296,Non-Hispanic,Business Administration - MBA
1297,Non-Hispanic,Business Administration - MBA
1298,Non-Hispanic,Business Administration - MBA
1302,Non-Hispanic,Business Administration - MBA
1304,Non-Hispanic,Business Administration - MBA
1306,Non-Hispanic,Business Administration - MBA
1312,Non-Hispanic,Business Administration - MBA
1315,Non-Hispanic,Business Administration - MBA
1320,Non-Hispanic,Business Administration - MBA
1321,Non-Hispanic,Business Administration - MBA
1322,Non-Hispanic,Business Administration - MBA
1326,Non-Hispanic,Business Administration - MBA
1327,Non-Hispanic,Business Administration - MBA
1328,Non-Hispanic,Business Administration - MBA
1331,Non-Hispanic,Business Administration - MBA
1333,Non-Hispanic,Business Administration - MBA
1335,Non-Hispanic,Business Administration - MBA
1337,Non-Hispanic,Business Administration - MBA
1338,Non-Hispanic,Business Administration - MBA
1342,Non-Hispanic,Business Administration - MBA
1344,Non-Hispanic,Business Administration - MBA
1345,Non-Hispanic,Business Administration - MBA
1348,Non-Hispanic,Business Administration - MBA
1349,Non-Hispanic,Business Administration - MBA
1350,Non-Hispanic,Business Administration - MBA
1353,Non-Hispanic,Business Administration - MBA
1355,Non-Hispanic,Business Administration - MBA
1357,Non-Hispanic,Business Administration - MBA
1360,Non-Hispanic,Business Administration - MBA
1361,Non-Hispanic,Business Administration - MBA
1363,Non-Hispanic,Business Administration - MBA
1364,Non-Hispanic,Business Administration - MBA
1365,Non-Hispanic,Business Administration - MBA
1366,Non-Hispanic,Business Administration - MBA
1367,Non-Hispanic,Business Administration - MBA
1370,Non-Hispanic,Business Administration - MBA
1373,Non-Hispanic,Business Administration - MBA
1375,Non-Hispanic,Business Administration - MBA
1379,Non-Hispanic,Business Administration - MBA
1383,Non-Hispanic,Business Administration - MBA
1384,Non-Hispanic,Business Administration - MBA
1386,Non-Hispanic,Business Administration - MBA
1389,Non-Hispanic,Business Administration - MBA
1391,Non-Hispanic,Business Administration - MBA
1393,Non-Hispanic,Business Administration - MBA
1394,Non-Hispanic,Business Administration - MBA
1395,Non-Hispanic,Business Administration - MBA
1396,Non-Hispanic,Business Administration - MBA
1397,Non-Hispanic,Business Administration - MBA
1399,Non-Hispanic,Business Administration - MBA
1403,Non-Hispanic,Business Administration - MBA
1405,Non-Hispanic,Business Administration - MBA
1406,Non-Hispanic,Business Administration - MBA
1408,Non-Hispanic,Business Administration - MBA
1412,Non-Hispanic,Business Administration - MBA
1415,Non-Hispanic,Business Administration - MBA
1416,Non-Hispanic,Business Administration - MBA
1418,Hispanic,Business Administration - MBA
1421,Non-Hispanic,Business Administration - MBA
1423,Non-Hispanic,Business Administration - MBA
1424,Non-Hispanic,Business Administration - MBA
1425,Non-Hispanic,Business Administration - MBA
1427,Hispanic,Business Administration - MBA
1432,Non-Hispanic,Business Administration - MBA
1434,Non-Hispanic,Business Administration - MBA
1437,Non-Hispanic,Business Administration - MBA
1439,Non-Hispanic,Business Administration - MBA
1440,Non-Hispanic,Business Administration - MBA
1442,Non-Hispanic,Business Administration - MBA
1443,Non-Hispanic,Business Administration - MBA
1444,Non-Hispanic,Business Administration - MBA
1445,Non-Hispanic,Business Administration - MBA
1446,Non-Hispanic,Business Administration - MBA
1448,Non-Hispanic,Business Administration - MBA
1449,Non-Hispanic,Business Administration - MBA
1453,Non-Hispanic,Business Administration - MBA
1454,Non-Hispanic,Business Administration - MBA
1455,Non-Hispanic,Business Administration - MBA
1456,Non-Hispanic,Business Administration - MBA
1457,Non-Hispanic,Business Administration - MBA
1459,Non-Hispanic,Business Administration - MBA
1461,Non-Hispanic,Business Administration - MBA
1463,Non-Hispanic,Business Administration - MBA
1464,Non-Hispanic,Business Administration - MBA
1466,Non-Hispanic,Business Administration - MBA
1467,Non-Hispanic,Business Administration - MBA
1468,Non-Hispanic,Business Administration - MBA
1472,Non-Hispanic,Business Administration - MBA
1473,Non-Hispanic,Business Administration - MBA
1476,Hispanic,Business Administration - MBA
1478,Non-Hispanic,Business Administration - MBA
1480,Non-Hispanic,Business Administration - MBA
1484,Non-Hispanic,Business Administration - MBA
1486,Non-Hispanic,Business Administration - MBA
1488,Non-Hispanic,Business Administration - MBA
1491,Hispanic,Business Administration - MBA
1494,Non-Hispanic,Business Administration - MBA
1496,Non-Hispanic,Business Administration - MBA
1497,Non-Hispanic,Business Administration - MBA
1499,Non-Hispanic,Business Administration - MBA
1502,Non-Hispanic,Business Administration - MBA
1506,Non-Hispanic,Business Administration - MBA
1507,Non-Hispanic,Business Administration - MBA
1513,Non-Hispanic,Business Administration - MBA
1514,Hispanic,Business Administration - MBA
1516,Non-Hispanic,Business Administration - MBA
1517,Hispanic,Business Administration - MBA
1520,Non-Hispanic,Business Administration - MBA
1522,Hispanic,Business Administration - MBA
1523,Non-Hispanic,Business Administration - MBA
1524,Non-Hispanic,Business Administration - MBA
1529,Non-Hispanic,Business Administration - MBA
1530,Hispanic,Business Administration - MBA
1531,Hispanic,Business Administration - MBA
1533,Non-Hispanic,Business Administration - MBA
1534,Hispanic,Business Administration - MBA
1537,Non-Hispanic,Business Administration - MBA
1538,Non-Hispanic,Business Administration - MBA
1543,Non-Hispanic,Business Administration - MBA
1545,Non-Hispanic,Business Administration - MBA
1546,Non-Hispanic,Business Administration - MBA
1548,Non-Hispanic,Business Administration - MBA
1549,Non-Hispanic,Business Administration - MBA
1552,Hispanic,Business Administration - MBA
1560,Non-Hispanic,Business Administration - MBA
1561,Non-Hispanic,Business Administration - MBA
1562,Non-Hispanic,Business Administration - MBA
1565,Non-Hispanic,Business Administration - MBA
1566,Non-Hispanic,Business Administration - MBA
1569,Non-Hispanic,Business Administration - MBA
1570,Non-Hispanic,Business Administration - MBA
1572,Non-Hispanic,Business Administration - MBA
1573,Non-Hispanic,Business Administration - MBA
1575,Non-Hispanic,Business Administration - MBA
1579,Non-Hispanic,Business Administration - MBA
1582,Non-Hispanic,Business Administration - MBA
1583,Non-Hispanic,Business Administration - MBA
1588,Hispanic,Business Administration - MBA
1594,Non-Hispanic,Business Administration - MBA
1595,Hispanic,Business Administration - MBA
1597,Non-Hispanic,Business Administration - MBA
1598,Non-Hispanic,Business Administration - MBA
1599,Non-Hispanic,Business Administration - MBA
1601,Non-Hispanic,Business Administration - MBA
1605,Non-Hispanic,Business Administration - MBA
1608,Non-Hispanic,Business Administration - MBA
1609,Non-Hispanic,Business Administration - MBA
1611,Non-Hispanic,Business Administration - MBA
1612,Non-Hispanic,Business Administration - MBA
1614,Non-Hispanic,Business Administration - MBA
1615,Non-Hispanic,Business Administration - MBA
1616,Non-Hispanic,Business Administration - MBA
1617,Non-Hispanic,Business Administration - MBA
1618,Non-Hispanic,Business Administration - MBA
1619,Non-Hispanic,Business Administration - MBA
1622,Non-Hispanic,Business Administration - MBA
1623,Non-Hispanic,Business Administration - MBA
1625,Hispanic,Business Administration - MBA
1627,Hispanic,Business Administration - MBA
1629,Hispanic,Business Administration - MBA
1630,Non-Hispanic,Business Administration - MBA
1637,Hispanic,Business Administration - MBA
1639,Non-Hispanic,Business Administration - MBA
1647,Non-Hispanic,Business Administration - MBA
1651,Non-Hispanic,Business Administration - MBA
1652,Non-Hispanic,Business Administration - MBA
1658,Non-Hispanic,Business Administration - MBA
1665,Non-Hispanic,Business Administration - MBA
1669,Non-Hispanic,Business Administration - MBA
1672,Non-Hispanic,Business Administration - MBA
1676,Non-Hispanic,Business Administration - MBA
1678,Non-Hispanic,Business Administration - MBA
1680,Non-Hispanic,Business Administration - MBA
1681,Non-Hispanic,Business Administration - MBA
1683,Non-Hispanic,Business Administration - MBA
1686,Hispanic,Business Administration - MBA
1688,Non-Hispanic,Business Administration - MBA
1689,Non-Hispanic,Business Administration - MBA
1690,Non-Hispanic,Business Administration - MBA
1695,Non-Hispanic,Business Administration - MBA
1697,Non-Hispanic,Business Administration - MBA
1704,Hispanic,Business Administration - MBA
1709,Hispanic,Business Administration - MBA
1711,Non-Hispanic,Business Administration - MBA
1712,Non-Hispanic,Business Administration - MBA
1714,Non-Hispanic,Business Administration - MBA
1716,Non-Hispanic,Business Administration - MBA
1717,Non-Hispanic,Business Administration - MBA
1722,Non-Hispanic,Business Administration - MBA
1723,Non-Hispanic,Business Administration - MBA
1725,Non-Hispanic,Business Administration - MBA
1726,Non-Hispanic,Business Administration - MBA
1728,Non-Hispanic,Business Administration - MBA
1731,Non-Hispanic,Business Administration - MBA
1736,Non-Hispanic,Business Administration - MBA
1738,Non-Hispanic,Business Administration - MBA
1741,Non-Hispanic,Business Administration - MBA
1742,Non-Hispanic,Business Administration - MBA
1744,Non-Hispanic,Business Administration - MBA
1745,Non-Hispanic,Business Administration - MBA
1748,Non-Hispanic,Business Administration - MBA
1749,Non-Hispanic,Business Administration - MBA
1750,Non-Hispanic,Business Administration - MBA
1752,Non-Hispanic,Business Administration - MBA
1753,Non-Hispanic,Business Administration - MBA
1755,Non-Hispanic,Business Administration - MBA
1756,Non-Hispanic,Business Administration - MBA
1757,Non-Hispanic,Business Administration - MBA
1758,Non-Hispanic,Business Administration - MBA
1759,Non-Hispanic,Business Administration - MBA
1760,Non-Hispanic,Business Administration - MBA
1763,Non-Hispanic,Business Administration - MBA
1770,Non-Hispanic,Business Administration - MBA
1773,Non-Hispanic,Business Administration - MBA
1775,Non-Hispanic,Business Administration - MBA
1777,Non-Hispanic,Business Administration - MBA
1778,Non-Hispanic,Business Administration - MBA
1781,Non-Hispanic,Business Administration - MBA
1782,Hispanic,Business Administration - MBA
1783,Hispanic,Business Administration - MBA
1784,Non-Hispanic,Business Administration - MBA
1785,Hispanic,Business Administration - MBA
1786,Non-Hispanic,Business Administration - MBA
1791,Non-Hispanic,Business Administration - MBA
1792,Non-Hispanic,Business Administration - MBA
1798,Non-Hispanic,Business Administration - MBA
1803,Non-Hispanic,Business Administration - MBA
1807,Non-Hispanic,Business Administration - MBA
1812,Non-Hispanic,Business Administration - MBA
1815,Hispanic,Business Administration - MBA
1818,Non-Hispanic,Business Administration - MBA
1819,Non-Hispanic,Business Administration - MBA
1822,Non-Hispanic,Business Administration - MBA
1824,Non-Hispanic,Business Administration - MBA
1825,Non-Hispanic,Business Administration - MBA
1826,Non-Hispanic,Business Administration - MBA
1828,Non-Hispanic,Business Administration - MBA
1831,Non-Hispanic,Business Administration - MBA
1832,Non-Hispanic,Business Administration - MBA
1833,Non-Hispanic,Business Administration - MBA
1834,Non-Hispanic,Business Administration - MBA
1840,Non-Hispanic,Business Administration - MBA
1846,Non-Hispanic,Business Administration - MBA
1847,Non-Hispanic,Business Administration - MBA
1850,Non-Hispanic,Business Administration - MBA
1852,Non-Hispanic,Business Administration - MBA
1855,Non-Hispanic,Business Administration - MBA
1856,Non-Hispanic,Business Administration - MBA
1859,Non-Hispanic,Business Administration - MBA
1861,Non-Hispanic,Business Administration - MBA
1867,Hispanic,Business Administration - MBA
1869,Non-Hispanic,Business Administration - MBA
1873,Non-Hispanic,Business Administration - MBA
1875,Non-Hispanic,Business Administration - MBA
1876,Hispanic,Business Administration - MBA
1877,Non-Hispanic,Business Administration - MBA
1878,Non-Hispanic,Business Administration - MBA
1882,Non-Hispanic,Business Administration - MBA
1883,Non-Hispanic,Business Administration - MBA
1884,Non-Hispanic,Business Administration - MBA
1885,Hispanic,Business Administration - MBA
1887,Non-Hispanic,Business Administration - MBA
1892,Non-Hispanic,Business Administration - MBA
1893,Non-Hispanic,Business Administration - MBA
1895,Non-Hispanic,Business Administration - MBA
1900,Non-Hispanic,Business Administration - MBA
1903,Non-Hispanic,Business Administration - MBA
1905,Non-Hispanic,Business Administration - MBA
1910,Non-Hispanic,Business Administration - MBA
1912,Non-Hispanic,Business Administration - MBA
1914,Non-Hispanic,Business Administration - MBA
1918,Non-Hispanic,Business Administration - MBA
1920,Non-Hispanic,Business Administration - MBA
1922,Non-Hispanic,Business Administration - MBA
1925,Hispanic,Business Administration - MBA
1926,Non-Hispanic,Business Administration - MBA
1928,Non-Hispanic,Business Administration - MBA
1931,Non-Hispanic,Business Administration - MBA
1934,Hispanic,Business Administration - MBA
1936,Non-Hispanic,Business Administration - MBA
1937,Hispanic,Business Administration - MBA
1939,Non-Hispanic,Business Administration - MBA
1940,Non-Hispanic,Business Administration - MBA
1943,Non-Hispanic,Business Administration - MBA
1949,Non-Hispanic,Business Administration - MBA
1957,Non-Hispanic,Business Administration - MBA
1961,Non-Hispanic,Business Administration - MBA
1963,Non-Hispanic,Business Administration - MBA
1965,Hispanic,Business Administration - MBA
1966,Non-Hispanic,Business Administration - MBA
1967,Non-Hispanic,Business Administration - MBA
1970,Non-Hispanic,Business Administration - MBA
1973,Non-Hispanic,Business Administration - MBA
1974,Non-Hispanic,Business Administration - MBA
1975,Non-Hispanic,Business Administration - MBA
1978,Non-Hispanic,Business Administration - MBA
1980,Non-Hispanic,Business Administration - MBA
1981,Non-Hispanic,Business Administration - MBA
1982,Non-Hispanic,Business Administration - MBA
1985,Non-Hispanic,Business Administration - MBA
1987,Non-Hispanic,Business Administration - MBA
1990,Non-Hispanic,Business Administration - MBA
1993,Non-Hispanic,Business Administration - MBA
1994,Non-Hispanic,Business Administration - MBA
1995,Non-Hispanic,Business Administration - MBA
1997,Hispanic,Business Administration - MBA
1999,Non-Hispanic,Business Administration - MBA
2000,Non-Hispanic,Business Administration - MBA
2001,Non-Hispanic,Business Administration - MBA
2002,Non-Hispanic,Business Administration - MBA
2005,Non-Hispanic,Business Administration - MBA
2009,Non-Hispanic,Business Administration - MBA
2010,Hispanic,Business Administration - MBA
2014,Non-Hispanic,Business Administration - MBA
2017,Non-Hispanic,Business Administration - MBA
2022,Non-Hispanic,Business Administration - MBA
2025,Non-Hispanic,Business Administration - MBA
2026,Non-Hispanic,Business Administration - MBA
2027,Non-Hispanic,Business Administration - MBA
2029,Non-Hispanic,Business Administration - MBA
2031,Non-Hispanic,Business Administration - MBA
2032,Non-Hispanic,Business Administration - MBA
2034,Non-Hispanic,Business Administration - MBA
2035,Non-Hispanic,Business Administration - MBA
2041,Non-Hispanic,Business Administration - MBA
2042,Non-Hispanic,Business Administration - MBA
2043,Non-Hispanic,Business Administration - MBA
2044,Non-Hispanic,Business Administration - MBA
2046,Non-Hispanic,Business Administration - MBA
2048,Non-Hispanic,Business Administration - MBA
2049,Non-Hispanic,Business Administration - MBA
2052,Non-Hispanic,Business Administration - MBA
2054,Non-Hispanic,Business Administration - MBA
2061,Non-Hispanic,Business Administration - MBA
2065,Hispanic,Business Administration - MBA
2067,Non-Hispanic,Business Administration - MBA
2070,Non-Hispanic,Business Administration - MBA
2072,Non-Hispanic,Business Administration - MBA
2077,Non-Hispanic,Business Administration - MBA
2078,Hispanic,Business Administration - MBA
2079,Non-Hispanic,Business Administration - MBA
2082,Non-Hispanic,Business Administration - MBA
2083,Non-Hispanic,Business Administration - MBA
2085,Non-Hispanic,Business Administration - MBA
2088,Non-Hispanic,Business Administration - MBA
2092,Non-Hispanic,Business Administration - MBA
2097,Non-Hispanic,Business Administration - MBA
2098,Non-Hispanic,Business Administration - MBA
2099,Non-Hispanic,Business Administration - MBA
2104,Non-Hispanic,Business Administration - MBA
2105,Non-Hispanic,Business Administration - MBA
2107,Non-Hispanic,Business Administration - MBA
2108,Non-Hispanic,Business Administration - MBA
2109,Hispanic,Business Administration - MBA
2114,Non-Hispanic,Business Administration - MBA
2115,Non-Hispanic,Business Administration - MBA
2121,Non-Hispanic,Business Administration - MBA
2123,Non-Hispanic,Business Administration - MBA
2129,Non-Hispanic,Business Administration - MBA
2133,Non-Hispanic,Business Administration - MBA
2135,Non-Hispanic,Business Administration - MBA
2137,Non-Hispanic,Business Administration - MBA
2144,Non-Hispanic,Business Administration - MBA
2145,Non-Hispanic,Business Administration - MBA
2146,Non-Hispanic,Business Administration - MBA
2148,Non-Hispanic,Business Administration - MBA
2155,Non-Hispanic,Business Administration - MBA
2156,Non-Hispanic,Business Administration - MBA
2157,Hispanic,Business Administration - MBA
2158,Non-Hispanic,Business Administration - MBA
2169,Hispanic,Business Administration - MBA
2172,Non-Hispanic,Business Administration - MBA
2173,Non-Hispanic,Business Administration - MBA
2176,Non-Hispanic,Business Administration - MBA
2177,Non-Hispanic,Business Administration - MBA
2179,Non-Hispanic,Business Administration - MBA
2180,Non-Hispanic,Business Administration - MBA
2188,Non-Hispanic,Business Administration - MBA
2189,Non-Hispanic,Business Administration - MBA
2192,Non-Hispanic,Business Administration - MBA
2193,Non-Hispanic,Business Administration - MBA
2196,Non-Hispanic,Business Administration - MBA
2200,Non-Hispanic,Business Administration - MBA
2201,Hispanic,Business Administration - MBA
2204,Hispanic,Business Administration - MBA
2212,Non-Hispanic,Business Administration - MBA
2214,Non-Hispanic,Business Administration - MBA
2216,Non-Hispanic,Business Administration - MBA
2219,Non-Hispanic,Business Administration - MBA
2224,Non-Hispanic,Business Administration - MBA
2227,Non-Hispanic,Business Administration - MBA
2231,Non-Hispanic,Business Administration - MBA
2233,Non-Hispanic,Business Administration - MBA
2235,Non-Hispanic,Business Administration - MBA
2243,Non-Hispanic,Business Administration - MBA
2244,Non-Hispanic,Business Administration - MBA
2248,Non-Hispanic,Business Administration - MBA
2256,Non-Hispanic,Business Administration - MBA
2259,Non-Hispanic,Business Administration - MBA
2260,Non-Hispanic,Business Administration - MBA
2262,Non-Hispanic,Business Administration - MBA
2264,Hispanic,Business Administration - MBA
2266,Non-Hispanic,Business Administration - MBA
2267,Non-Hispanic,Business Administration - MBA
2268,Non-Hispanic,Business Administration - MBA
2278,Non-Hispanic,Business Administration - MBA
2282,Non-Hispanic,Business Administration - MBA
2285,Non-Hispanic,Business Administration - MBA
2286,Non-Hispanic,Business Administration - MBA
2287,Non-Hispanic,Business Administration - MBA
2288,Non-Hispanic,Business Administration - MBA
2293,Non-Hispanic,Business Administration - MBA
2297,Non-Hispanic,Business Administration - MBA
2298,Hispanic,Business Administration - MBA
2305,Non-Hispanic,Business Administration - MBA
2306,Non-Hispanic,Business Administration - MBA
2308,Non-Hispanic,Business Administration - MBA
2309,Non-Hispanic,Business Administration - MBA
2310,Non-Hispanic,Business Administration - MBA
2311,Non-Hispanic,Business Administration - MBA
2312,Non-Hispanic,Business Administration - MBA
2315,Non-Hispanic,Business Administration - MBA
2316,Non-Hispanic,Business Administration - MBA
2320,Non-Hispanic,Business Administration - MBA
2321,Non-Hispanic,Business Administration - MBA
2330,Non-Hispanic,Business Administration - MBA
2332,Non-Hispanic,Business Administration - MBA
2337,Non-Hispanic,Business Administration - MBA
2340,Hispanic,Business Administration - MBA
2342,Non-Hispanic,Business Administration - MBA
2344,Non-Hispanic,Business Administration - MBA
2345,Non-Hispanic,Business Administration - MBA
2347,Non-Hispanic,Business Administration - MBA
2350,Non-Hispanic,Business Administration - MBA
2351,Non-Hispanic,Business Administration - MBA
2352,Non-Hispanic,Business Administration - MBA
2356,Non-Hispanic,Business Administration - MBA
2357,Non-Hispanic,Business Administration - MBA
2358,Non-Hispanic,Business Administration - MBA
2359,Non-Hispanic,Business Administration - MBA
2362,Non-Hispanic,Business Administration - MBA
2363,Non-Hispanic,Business Administration - MBA
